strain,insertion: 12bp @ ref pos 0,insertion: 22bp @ ref pos 36,insertion: 6bp @ ref pos 50,insertion: 3bp @ ref pos 86,insertion: 40bp @ ref pos 1740
A/swine/Nebraska/A01378048/2021,AGCAAAAGCAGG,,,,CCTTGTTTCTACT
A/swine/Iowa/B58578/2022,AGCAAAAGCAGG,,,,CCTTGTTTCTACT
A/Human/NewYorkCity/PV63353/2022,AGCAAAAGCAGG,,,,CCTTGTTTCTACT
A/Human/NewYorkCity/PV63345/2022,AGCAAAAGCAGG,,,,CCTTGTTTCTACT
A/Human/NewYorkCity/PV63087/2022,AGCAAAAGCAGG,,,,CCTTGTTTCTACT
A/Human/NewYorkCity/PV63221/2022,AGCAAAAGCAGG,,,,CCTTGTTTCTACT
A/Human/NewYorkCity/PV63355/2022,AGCAAAAGCAGG,,,,CCTTGTTTCTACT
A/Human/NewYorkCity/PV63095/2022,AGCAAAAGCAGG,,,,CCTTGTTTCTACT
A/Human/NewYorkCity/PV42662/2022,AGCAAAAGCAGG,,,,CCTTGTTTCTACT
A/Human/NewYorkCity/PV07994/2020,AGCAAAAGCAGG,,,,CCTTGTTTCTACT
A/France/IHUMI_InfluenzaAH3N2_genome_60678_4/2021,AGCAAAAGCAGG,,,,CCTTGTTTCTACT
A/swine/Spain/46314-2/2020,AGCAAAAGCAGG,,,,CCTTGTTTCTACT
A/swine/Spain/44579-1/2020,AGCAAAAGCAGG,,,,CCTTGTTTCTACT
A/swine/Indiana/21TOSU1311/2021,AGCAAAAGCAGG,,,,
A/swine/Iowa/C39563/2022,AGCAAAAGCAGG,,,,CCTTGTTTCTACT
A/swine/Chile/VN1401-5054/2020,AGCAAAAGCAGG,,,,CCTTGTTTCTACT
A/China/ZMD-22-2/2022,AGCAAAAGCAGG,,,,CCTTGTTTCTACT
A/canine/Texas/M23-02041-5-1/2023,AGCAAAAGCAGG,,,,CCTTGTTTCTACT
A/duck/Chernogolovka/5908/2021,AGCAAAAGCAGG,,,,CCTTGTTTCTACT
A/Duck/Mongolia/2021-MG09/2021,AGCAAAAGCAGG,,,,CCTTG
A/Wildduck/SouthKorea/KNU2020-104/2020,AGCAAAAGCAGG,,,,CCTTGATCTGAACT
A/duck/Vietnam/HN6569/2020,AGCAAAAGCAGG,,,AAT,CCTTGTTTCTACT
A/duck/Vietnam/HN6617/2020,AGCAAAAGCAGG,,,,CCTTGTTTCTACT
A/duck/Vietnam/HN6479/2020,AGCAAAAGCAGG,,,,CCTTGTTTCTACT
A/Muscovyduck/Vietnam/QN6305/2020,AGCAAAAGCAGG,,,,CCTTGTTTCTACT
A/Muscovyduck/Vietnam/HN6220/2020,AGCAAAAGCAGG,,,,CCTTGTTTCTACT
A/duck/Vietnam/HN6425/2020,AGCAAAAGCAGG,,,,CCTTGTTTCTACT
A/swine/Iowa/21TOSU0666/2021,AGCGAAAGCAGG,,,,CCTTGTTTCTACT
A/swine/Brazil/076-20-5/2020,CAGG,,,,CCTTGTTTCTACT
A/swine/Brazil/079-20-8/2020,CAGG,,,,CCTTGTTTCTACT
A/Spot-billedduck/SouthKorea/KNU2020-105/2020,CAGG,,,,C
A/Wildduck/SouthKorea/KNU2020-134/2020,CAGG,,,,C
A/China/CSKFQ-22-5/2022,G,,,,CCTT
A/Duck/Mongolia/2021-MG11/2021,G,,,,CCTTGTTTCTAC
A/Duck/Mongolia/2021-MG04/2021,GG,,,,
A/equine/California/3/2020,,CTGTCAATCATGACGATAACCA,CTGACC,,CCTTGTTTCTACT
A/Donkey/Nigeria/249/2022,,,CTGACC,,
A/equine/Kazakhstan/Almaty/268/2022,,,CTGACC,,
A/MongolianHorse/China/Jilin1021/2021,,,CTGACC,,
A/Thailand/CU-B36461/2020,,,,,CCTTGTTTCTACT
A/Common_Teal/Kyoto/NIES187/2021,,,,,CCTTGTTTCTACTAATACGAGACGATATAGCAATACGTAA
A/Anserfabalis/China/D338/2020,,,,,CTGGTTTTCTTACAT
A/swine/Belgium/Gent-82/2020,,,,,CCTTGTTTC
