strain	accession	subtype	date	host	country	region	species	broad	order
A/swine/Iowa/A02861998/2023	OR957854	H3N1	2023-11-06	Swine	Usa	?	Swine	swine	Swine
A/swine/Nebraska/I80400/2023	OR763753	H3N1	2023-08-27	Swine	Usa	?	Swine	swine	Swine
A/swine/Ohio/OH20-3284/2020	OQ759638	H3N1	2020-02-18	Swine	Usa	?	Swine	swine	Swine
A/mallard/NewYork/AH0179440/2021	OL539653	H3N1	2021-09-07	Avian	Usa	?	Chicken	chicken	Anseriformes
A/swine/Iowa/A02636169/2021	OL331212	H3N1	2021-09-20	Swine	Usa	?	Swine	swine	Swine
A/swine/Spain/46314-2/2020	MW848635	H3N1	2020-04-30	Swine	Spain	?	Swine	swine	Swine
A/swine/Oklahoma/A02246451/2021	MZ666822	H3N1	2021-05-26	Swine	Usa	?	Swine	swine	Swine
A/swine/Kansas/A02245738/2020	MW205527	H3N1	2020-10-09	Swine	Usa	?	Swine	swine	Swine
A/swine/Minnesota/A02245708/2020	MW075250	H3N1	2020-09-02	Swine	Usa	?	Swine	swine	Swine
A/swine/Iowa/A02479075/2020	MT232784	H3N1	2020-02-19	Swine	Usa	?	Swine	swine	Swine
A/swine/Iowa/A02479022/2020	MT077027	H3N1	2020-01-22	Swine	Usa	?	Swine	swine	Swine
A/swine/Missouri/A02978606/2023	PP086597	H3N2	2023-11-09	Swine	Usa	?	Swine	swine	Swine
A/swine/Minnesota/A02978617/2023	PP086599	H3N2	2023-11-13	Swine	Usa	?	Swine	swine	Swine
A/swine/Minnesota/A02978605/2023	PP086611	H3N2	2023-11-06	Swine	Usa	?	Swine	swine	Swine
A/swine/Minnesota/A02978669/2023	PP086635	H3N2	2023-12-19	Swine	Usa	?	Swine	swine	Swine
A/swine/Minnesota/A02978603/2023	PP086637	H3N2	2023-11-06	Swine	Usa	?	Swine	swine	Swine
A/Michigan/MIS-L371012634/2023	PP071685	H3N2	2023-11-01	Human	Usa	?	Human	human	Human
A/swine/Oklahoma/A02862086/2023	PP076758	H3N2	2023-11-29	Swine	Usa	?	Swine	swine	Swine
A/swine/Nebraska/A02862087/2023	PP076760	H3N2	2023-11-29	Swine	Usa	?	Swine	swine	Swine
A/swine/Iowa/A02862090/2023	PP076764	H3N2	2023-11-29	Swine	Usa	?	Swine	swine	Swine
A/swine/NorthCarolina/A02862112/2023	PP076770	H3N2	2023-12-06	Swine	Usa	?	Swine	swine	Swine
A/duck/China/403D49/2020	MW368609	H3N2	2020-01-02	Avian	China	?	Duck	duck	Anseriformes
A/swine/SouthKorea/0028-1/2022	OR733507	H3N2	2022-XX-XX	Swine	South korea	?	Swine	swine	Swine
A/swine/SouthKorea/0350/2021	OR733510	H3N2	2021-XX-XX	Swine	South korea	?	Swine	swine	Swine
A/swine/SouthKorea/0723-1/2021	OR733511	H3N2	2021-XX-XX	Swine	South korea	?	Swine	swine	Swine
A/swine/SouthKorea/0810/2021	OR733513	H3N2	2021-XX-XX	Swine	South korea	?	Swine	swine	Swine
A/swine/Iowa/A02862034/2023	PP025385	H3N2	2023-11-14	Swine	Usa	?	Swine	swine	Swine
A/swine/Pennsylvania/A02862094/2023	PP025407	H3N2	2023-11-29	Swine	Usa	?	Swine	swine	Swine
A/swine/Nebraska/A02862068/2023	PP025409	H3N2	2023-11-28	Swine	Usa	?	Swine	swine	Swine
A/swine/Iowa/A02862080/2023	PP025429	H3N2	2023-11-28	Swine	Usa	?	Swine	swine	Swine
A/swine/Missouri/A02861950/2023	OR957802	H3N2	2023-10-25	Swine	Usa	?	Swine	swine	Swine
A/swine/Iowa/A02861979/2023	OR957838	H3N2	2023-10-31	Swine	Usa	?	Swine	swine	Swine
A/swine/Iowa/A02861989/2023	OR957850	H3N2	2023-10-30	Swine	Usa	?	Swine	swine	Swine
A/swine/Iowa/A02862012/2023	OR957876	H3N2	2023-11-07	Swine	Usa	?	Swine	swine	Swine
A/swine/Iowa/A02862017/2023	OR957884	H3N2	2023-11-07	Swine	Usa	?	Swine	swine	Swine
A/swine/Kansas/A02862030/2023	OR957904	H3N2	2023-11-10	Swine	Usa	?	Swine	swine	Swine
A/Human/NewYorkCity/PV63353/2022	OQ059053	H3N2	2022-10-31	Human	Usa	?	Human	human	Human
A/Human/NewYorkCity/PV63345/2022	OQ059100	H3N2	2022-10-27	Human	Usa	?	Human	human	Human
A/Human/NewYorkCity/PV63355/2022	OQ059148	H3N2	2022-10-29	Human	Usa	?	Human	human	Human
A/swine/NorthCarolina/A02861997/2023	OR887651	H3N2	2023-11-14	Swine	Usa	?	Swine	swine	Swine
A/swine/Iowa/A02861925/2023	OR840637	H3N2	2023-10-18	Swine	Usa	?	Swine	swine	Swine
A/swine/Iowa/A02861878/2023	OR792150	H3N2	2023-10-05	Swine	Usa	?	Swine	swine	Swine
A/swine/Iowa/A02861882/2023	OR792152	H3N2	2023-10-05	Swine	Usa	?	Swine	swine	Swine
A/swine/Ohio/23TOSU0495/2023	OR778893	H3N2	2023-02-04	Swine	Usa	?	Swine	swine	Swine
A/swine/Indiana/A02861862/2023	OR773111	H3N2	2023-10-03	Swine	Usa	?	Swine	swine	Swine
A/swine/Pennsylvania/A02861876/2023	OR774985	H3N2	2023-10-09	Swine	Usa	?	Swine	swine	Swine
A/canine/Texas/M23-02041-5-1/2023	OR737661	H3N2	2023-01-20	Canis	Usa	?	Canine	canine	Canine
A/California/78/2023	OR750195	H3N2	2023-08-01	Human	Usa	?	Human	human	Human
A/swine/Iowa/A02861833/2023	OR700556	H3N2	2023-09-25	Swine	Usa	?	Swine	swine	Swine
A/swine/Indiana/A02861847/2023	OR700582	H3N2	2023-09-29	Swine	Usa	?	Swine	swine	Swine
A/swine/Iowa/A02861853/2023	OR700590	H3N2	2023-09-29	Swine	Usa	?	Swine	swine	Swine
A/swine/Kansas/A02978545/2023	OR636696	H3N2	2023-08-17	Swine	Usa	?	Swine	swine	Swine
A/California/70/2023	OR627932	H3N2	2023-07-11	Human	Usa	?	Human	human	Human
A/swine/Iowa/A02861774/2023	OR606515	H3N2	2023-08-31	Swine	Usa	?	Swine	swine	Swine
A/swine/Missouri/A02861751/2023	OR597062	H3N2	2023-09-01	Swine	Usa	?	Swine	swine	Swine
A/swine/Kansas/A02861756/2023	OR597070	H3N2	2023-08-30	Swine	Usa	?	Swine	swine	Swine
A/Michigan/UM-10052407968/2023	OR560930	H3N2	2023-07-19	Human	Usa	?	Human	human	Human
A/swine/Indiana/A02861625/2023	OR533400	H3N2	2023-06-29	Swine	Usa	?	Swine	swine	Swine
A/swine/Nebraska/A02861598/2023	OR505003	H3N2	2023-06-22	Swine	Usa	?	Swine	swine	Swine
A/swine/Iowa/A02861602/2023	OR505005	H3N2	2023-06-22	Swine	Usa	?	Swine	swine	Swine
A/swine/Nebraska/A02861613/2023	OR505009	H3N2	2023-07-17	Swine	Usa	?	Swine	swine	Swine
A/swine/Ohio/A02861681/2023	OR505015	H3N2	2023-07-24	Swine	Usa	?	Swine	swine	Swine
A/swine/Indiana/A02861694/2023	OR505027	H3N2	2023-07-31	Swine	Usa	?	Swine	swine	Swine
A/Michigan/UOM10049137161/2023	OR495931	H3N2	2023-01-03	Human	Usa	?	Human	human	Human
A/swine/Utah/A02861636/2023	OR480693	H3N2	2023-07-06	Swine	Usa	?	Swine	swine	Swine
A/swine/Minnesota/A02861661/2023	OR480717	H3N2	2023-07-14	Swine	Usa	?	Swine	swine	Swine
A/swine/Pennsylvania/A02861673/2023	OR413807	H3N2	2023-07-07	Swine	Usa	?	Swine	swine	Swine
A/swine/Kansas/A02978505/2023	OR397525	H3N2	2023-05-04	Swine	Usa	?	Swine	swine	Swine
A/swine/Minnesota/A02978530/2023	OR397527	H3N2	2023-06-09	Swine	Usa	?	Swine	swine	Swine
A/swine/Indiana/A02861589/2023	OR334427	H3N2	2023-06-15	Swine	Usa	?	Swine	swine	Swine
A/swine/Iowa/A02861505/2023	OR293249	H3N2	2023-05-11	Swine	Usa	?	Swine	swine	Swine
A/swine/Iowa/21TOSU0768/2021	OR266585	H3N2	2021-05-27	Swine	Usa	?	Swine	swine	Swine
A/swine/Colorado/A02978450/2023	OR243348	H3N2	2023-03-13	Swine	Usa	?	Swine	swine	Swine
A/swine/Iowa/A02978451/2023	OR243379	H3N2	2023-03-08	Swine	Usa	?	Swine	swine	Swine
A/swine/Minnesota/A02978449/2023	OR243387	H3N2	2023-03-14	Swine	Usa	?	Swine	swine	Swine
A/swine/Kansas/A02978429/2023	OR243397	H3N2	2023-02-10	Swine	Usa	?	Swine	swine	Swine
A/swine/Iowa/A02978443/2023	OR243398	H3N2	2023-02-24	Swine	Usa	?	Swine	swine	Swine
A/swine/Kansas/A02978456/2023	OR243407	H3N2	2023-03-16	Swine	Usa	?	Swine	swine	Swine
A/swine/Cambodia/PFC64/2022	OQ460197	H3N2	2022-03-22	Swine	Cambodia	?	Swine	swine	Swine
A/swine/Kansas/A02861449/2023	OR144380	H3N2	2023-05-03	Swine	Usa	?	Swine	swine	Swine
A/swine/Arkansas/A02861470/2023	OR144394	H3N2	2023-05-03	Swine	Usa	?	Swine	swine	Swine
A/swine/Minnesota/A02978501/2023	OR115635	H3N2	2023-05-02	Swine	Usa	?	Swine	swine	Swine
A/swine/Iowa/A02861433/2023	OR082963	H3N2	2023-04-25	Swine	Usa	?	Swine	swine	Swine
A/swine/Ohio/A02861391/2023	OR067109	H3N2	2023-04-18	Swine	Usa	?	Swine	swine	Swine
A/swine/Illinois/A02861426/2023	OR067125	H3N2	2023-04-25	Swine	Usa	?	Swine	swine	Swine
A/swine/Nebraska/A02861435/2023	OR067137	H3N2	2023-04-25	Swine	Usa	?	Swine	swine	Swine
A/duck/Guangxi/4130/2020	OQ293421	H3N2	2020-12-15	Avian	China	?	Duck	duck	Anseriformes
A/environment/Japan/KU-B8/2020	OR048413	H3N2	2020-11-23	Enviroment	Japan	?	Enviroment	enviroment	Enviroment
A/California/36/2023	OR009591	H3N2	2023-01-02	Human	Usa	?	Human	human	Human
A/environment/Iowa/Page-A/2022	OQ968378	H3N2	2022-04-12	Enviroment	Usa	?	Enviroment	enviroment	Enviroment
A/swine/NorthCarolina/A02861348/2023	OQ954400	H3N2	2023-03-31	Swine	Usa	?	Swine	swine	Swine
A/swine/Iowa/A02861349/2023	OQ954406	H3N2	2023-03-29	Swine	Usa	?	Swine	swine	Swine
A/Human/NewYorkCity/PV63221/2022	OQ023519	H3N2	2022-05-16	Human	Usa	?	Human	human	Human
A/swine/Iowa/A02861320/2023	OQ859577	H3N2	2023-03-21	Swine	Usa	?	Swine	swine	Swine
A/swine/Iowa/A02861296/2023	OQ836476	H3N2	2023-03-17	Swine	Usa	?	Swine	swine	Swine
A/swine/Iowa/A02861253/2023	OQ836567	H3N2	2023-03-02	Swine	Usa	?	Swine	swine	Swine
A/USA/10048598708/2022	OQ794395	H3N2	2022-11-28	Human	Usa	?	Human	human	Human
A/swine/Indiana/OH21-5789/2021	OQ737205	H3N2	2021-03-18	Swine	Usa	?	Swine	swine	Swine
A/swine/Ohio/OH21-24933/2021	OQ737501	H3N2	2021-10-26	Swine	Usa	?	Swine	swine	Swine
A/swine/Ohio/OH21-3206/2021	OQ737565	H3N2	2021-02-18	Swine	Usa	?	Swine	swine	Swine
A/swine/Ohio/22TOSU3710/2022	OQ722623	H3N2	2022-08-04	Swine	Usa	?	Swine	swine	Swine
A/swine/Indiana/22TOSU3199/2022	OQ722639	H3N2	2022-07-31	Swine	Usa	?	Swine	swine	Swine
A/Human/NewYorkCity/PV63095/2022	OP432908	H3N2	2022-06-21	Human	Usa	?	Human	human	Human
A/Human/NewYorkCity/PV63087/2022	OP433298	H3N2	2022-06-19	Human	Usa	?	Human	human	Human
A/swine/Indiana/A02751592/2023	OQ690046	H3N2	2023-02-14	Swine	Usa	?	Swine	swine	Swine
A/swine/NorthCarolina/A02861257/2023	OQ690076	H3N2	2023-02-14	Swine	Usa	?	Swine	swine	Swine
A/SouthDakota/43/2022	OQ662827	H3N2	2022-11-16	Human	Usa	?	Human	human	Human
A/swine/Indiana/A02751460/2023	OQ575429	H3N2	2023-01-10	Swine	Usa	?	Swine	swine	Swine
A/swine/Missouri/A02751448/2023	OQ575447	H3N2	2023-01-03	Swine	Usa	?	Swine	swine	Swine
A/swine/Minnesota/A02751446/2023	OQ575457	H3N2	2023-01-02	Swine	Usa	?	Swine	swine	Swine
A/swine/Pennsylvania/A02751476/2023	OQ575481	H3N2	2023-01-17	Swine	Usa	?	Swine	swine	Swine
A/swine/Indiana/A02758602/2023	OQ575505	H3N2	2023-02-02	Swine	Usa	?	Swine	swine	Swine
A/swine/NorthCarolina/A02751569/2023	OQ575525	H3N2	2023-02-09	Swine	Usa	?	Swine	swine	Swine
A/swine/Iowa/A02751427/2022	OQ508800	H3N2	2022-12-20	Swine	Usa	?	Swine	swine	Swine
A/California/129/2022	OQ464178	H3N2	2022-09-04	Human	Usa	?	Human	human	Human
A/swine/Indiana/A02751400/2022	OQ469412	H3N2	2022-12-09	Swine	Usa	?	Swine	swine	Swine
A/swine/Iowa/A02751412/2022	OQ469416	H3N2	2022-12-15	Swine	Usa	?	Swine	swine	Swine
A/swine/Iowa/A02711598/2022	OQ352210	H3N2	2022-11-07	Swine	Usa	?	Swine	swine	Swine
A/Missouri/USAFSAM-13606/2022	OQ248717	H3N2	2022-11-04	Human	Usa	?	Human	human	Human
A/Missouri/19/2022	OQ233773	H3N2	2022-10-16	Human	Usa	?	Human	human	Human
A/Washington/47/2022	OQ234827	H3N2	2022-08-25	Human	Usa	?	Human	human	Human
A/Rheinland-Pfalz/USAFSAM-13521/2022	OQ240537	H3N2	2022-10-22	Human	Germany	?	Human	human	Human
A/Human/NewYorkCity/PV42662/2022	ON531542	H3N2	2022-01-15	Human	Usa	?	Human	human	Human
A/swine/Brazil/076-20-5/2020	MW772828	H3N2	2020-04-14	Swine	Brazil	?	Swine	swine	Swine
A/swine/Brazil/079-20-8/2020	MW772833	H3N2	2020-05-05	Swine	Brazil	?	Swine	swine	Swine
A/swine/Kansas/A02751267/2022	OQ079228	H3N2	2022-11-16	Swine	Usa	?	Swine	swine	Swine
A/swine/Nebraska/A02751253/2022	OQ079230	H3N2	2022-11-17	Swine	Usa	?	Swine	swine	Swine
A/swine/Belgium/Gent-82/2020	OP458626	H3N2	2020-02-07	Swine	Belgium	?	Swine	swine	Swine
A/swine/Indiana/A02751202/2022	OP967047	H3N2	2022-11-07	Swine	Usa	?	Swine	swine	Swine
A/swine/Iowa/A02751168/2022	OP967115	H3N2	2022-11-03	Swine	Usa	?	Swine	swine	Swine
A/swine/Missouri/A02751055/2022	OP950873	H3N2	2022-10-19	Swine	Usa	?	Swine	swine	Swine
A/swine/Iowa/A02751065/2022	OP950905	H3N2	2022-10-20	Swine	Usa	?	Swine	swine	Swine
A/swine/Ohio/A02751108/2022	OP950907	H3N2	2022-10-26	Swine	Usa	?	Swine	swine	Swine
A/swine/Missouri/A02751007/2022	OP950921	H3N2	2022-10-11	Swine	Usa	?	Swine	swine	Swine
A/swine/Iowa/A02751136/2022	OP950943	H3N2	2022-10-28	Swine	Usa	?	Swine	swine	Swine
A/swine/Nebraska/A02751119/2022	OP950945	H3N2	2022-10-26	Swine	Usa	?	Swine	swine	Swine
A/swine/Missouri/A02751137/2022	OP950947	H3N2	2022-11-01	Swine	Usa	?	Swine	swine	Swine
A/swine/Iowa/A02751012/2022	OP950987	H3N2	2022-10-12	Swine	Usa	?	Swine	swine	Swine
A/swine/Iowa/A02751094/2022	OP950999	H3N2	2022-10-25	Swine	Usa	?	Swine	swine	Swine
A/Michigan/UOM10044986404/2022	OP952702	H3N2	2022-04-12	Human	Usa	?	Human	human	Human
A/swine/Illinois/A02750966/2022	OP903559	H3N2	2022-10-05	Swine	Usa	?	Swine	swine	Swine
A/swine/Iowa/A02751004/2022	OP903563	H3N2	2022-10-12	Swine	Usa	?	Swine	swine	Swine
A/swine/Iowa/A02751003/2022	OP903575	H3N2	2022-10-10	Swine	Usa	?	Swine	swine	Swine
A/swine/Missouri/A02750981/2022	OP903581	H3N2	2022-10-07	Swine	Usa	?	Swine	swine	Swine
A/swine/Iowa/A02750974/2022	OP903593	H3N2	2022-10-06	Swine	Usa	?	Swine	swine	Swine
A/swine/Iowa/A02750961/2022	OP903605	H3N2	2022-10-05	Swine	Usa	?	Swine	swine	Swine
A/swine/Iowa/A02750995/2022	OP903625	H3N2	2022-10-10	Swine	Usa	?	Swine	swine	Swine
A/Bufflehead/Alberta/600/2021	OP723671	H3N2	2021-08-26	?	Canada	?	?	?	?
A/swine/Oklahoma/A02712150/2022	OP703692	H3N2	2022-09-09	Swine	Usa	?	Swine	swine	Swine
A/swine/Texas/A02711858/2022	OP703695	H3N2	2022-07-29	Swine	Usa	?	Swine	swine	Swine
A/swine/Oklahoma/A02712154/2022	OP703709	H3N2	2022-09-21	Swine	Usa	?	Swine	swine	Swine
A/swine/Oklahoma/A02712149/2022	OP703719	H3N2	2022-09-09	Swine	Usa	?	Swine	swine	Swine
A/DistrictOfColumbia/03/2021	OP687283	H3N2	2021-11-13	Human	Usa	?	Human	human	Human
A/swine/Iowa/20TOSU2329/2020	OP654931	H3N2	2020-07-10	Swine	Usa	?	Swine	swine	Swine
A/swine/NorthCarolina/A02750898/2022	OP622348	H3N2	2022-09-15	Swine	Usa	?	Swine	swine	Swine
A/swine/NorthCarolina/A02750890/2022	OP622368	H3N2	2022-09-13	Swine	Usa	?	Swine	swine	Swine
A/swine/NorthCarolina/A02750868/2022	OP596648	H3N2	2022-09-07	Swine	Usa	?	Swine	swine	Swine
A/swine/Iowa/B58578/2022	OP584944	H3N2	2022-06-17	Swine	Usa	?	Swine	swine	Swine
A/SaudiArabia/VRG-138/2020	OP536417	H3N2	2020-12-25	Human	Saudi arabia	?	Human	human	Human
A/swine/Nebraska/A02750817/2022	OP454916	H3N2	2022-08-23	Swine	Usa	?	Swine	swine	Swine
A/swine/Iowa/A02750797/2022	OP454920	H3N2	2022-08-18	Swine	Usa	?	Swine	swine	Swine
A/swine/Iowa/A02750816/2022	OP454932	H3N2	2022-08-23	Swine	Usa	?	Swine	swine	Swine
A/swine/Iowa/A02750793/2022	OP454953	H3N2	2022-08-11	Swine	Usa	?	Swine	swine	Swine
A/swine/Ohio/A02750788/2022	OP454975	H3N2	2022-08-10	Swine	Usa	?	Swine	swine	Swine
A/swine/Indiana/A02750772/2022	OP379143	H3N2	2022-08-05	Swine	Usa	?	Swine	swine	Swine
A/swine/Texas/A02711849/2022	OP292946	H3N2	2022-06-22	Swine	Usa	?	Swine	swine	Swine
A/swine/Iowa/A02750740/2022	OP265143	H3N2	2022-07-26	Swine	Usa	?	Swine	swine	Swine
A/swine/Iowa/A02750730/2022	OP243299	H3N2	2022-07-19	Swine	Usa	?	Swine	swine	Swine
A/swine/Iowa/A02750722/2022	OP243315	H3N2	2022-07-14	Swine	Usa	?	Swine	swine	Swine
A/swine/Iowa/A02750729/2022	OP243317	H3N2	2022-07-19	Swine	Usa	?	Swine	swine	Swine
A/DistrictOfColumbia/41/2022	OP213020	H3N2	2022-05-21	Human	Usa	?	Human	human	Human
A/swine/Pennsylvania/A02750718/2022	OP162489	H3N2	2022-07-13	Swine	Usa	?	Swine	swine	Swine
A/swine/NorthCarolina/A02750694/2022	OP162503	H3N2	2022-06-30	Swine	Usa	?	Swine	swine	Swine
A/swine/Iowa/A02750658/2022	OP023979	H3N2	2022-06-21	Swine	Usa	?	Swine	swine	Swine
A/swine/Nebraska/A02524410/2022	OP023983	H3N2	2022-06-22	Swine	Usa	?	Swine	swine	Swine
A/swine/Iowa/C39563/2022	ON965219	H3N2	2022-04-22	Swine	Usa	?	Swine	swine	Swine
A/Arizona/21/2022	ON903389	H3N2	2022-04-13	Human	Usa	?	Human	human	Human
A/Minnesota/23/2022	ON904472	H3N2	2022-04-12	Human	Usa	?	Human	human	Human
A/swine/Iowa/21TOSU0666/2021	ON773846	H3N2	2021-05-27	Swine	Usa	?	Swine	swine	Swine
A/swine/Indiana/21TOSU1311/2021	ON775469	H3N2	2021-06-17	Swine	Usa	?	Swine	swine	Swine
A/swine/NorthCarolina/A02636673/2022	ON722532	H3N2	2022-05-05	Swine	Usa	?	Swine	swine	Swine
A/swine/Illinois/A02636634/2022	ON529329	H3N2	2022-04-12	Swine	Usa	?	Swine	swine	Swine
A/swine/Minnesota/A02711797/2022	ON427058	H3N2	2022-03-22	Swine	Usa	?	Swine	swine	Swine
A/swine/Minnesota/A02711696/2022	ON427094	H3N2	2022-02-07	Swine	Usa	?	Swine	swine	Swine
A/swine/NorthCarolina/A02711714/2022	ON427104	H3N2	2022-03-30	Swine	Usa	?	Swine	swine	Swine
A/swine/Texas/A02636569/2022	ON306644	H3N2	2022-03-17	Swine	Usa	?	Swine	swine	Swine
A/swine/Nebraska/A02636561/2021	ON110294	H3N2	2021-03-08	Swine	Usa	?	Swine	swine	Swine
A/swine/Pennsylvania/A02636531/2022	ON045372	H3N2	2022-02-28	Swine	Usa	?	Swine	swine	Swine
A/swine/Minnesota/A02636519/2022	ON045408	H3N2	2022-02-23	Swine	Usa	?	Swine	swine	Swine
A/swine/Iowa/A02636495/2022	OM978850	H3N2	2022-02-16	Swine	Usa	?	Swine	swine	Swine
A/swine/Indiana/A02636487/2022	OM978854	H3N2	2022-02-10	Swine	Usa	?	Swine	swine	Swine
A/swine/Iowa/A02636490/2022	OM978856	H3N2	2022-02-14	Swine	Usa	?	Swine	swine	Swine
A/swine/Iowa/A02636493/2022	OM978876	H3N2	2022-02-15	Swine	Usa	?	Swine	swine	Swine
A/RuddyTurnstone/Delaware/193/2021	OM965781	H3N2	2021-06-01	?	Usa	?	?	?	?
A/duck/Bangladesh/46090/2020	OM938300	H3N2	2020-10-22	Avian	Bangladesh	?	Duck	duck	Anseriformes
A/swine/Iowa/A02636448/2022	OM935891	H3N2	2022-01-28	Swine	Usa	?	Swine	swine	Swine
A/swine/Indiana/A02636368/2022	OM865150	H3N2	2022-01-10	Swine	Usa	?	Swine	swine	Swine
A/swine/Iowa/A02636382/2022	OM865162	H3N2	2022-01-12	Swine	Usa	?	Swine	swine	Swine
A/swine/NorthCarolina/A02636370/2022	OM865212	H3N2	2022-01-05	Swine	Usa	?	Swine	swine	Swine
A/swine/Iowa/A02636396/2022	OM865232	H3N2	2022-01-27	Swine	Usa	?	Swine	swine	Swine
A/swine/Italy/1034/2020	MW244304	H3N2	2020-01-03	Swine	Italy	?	Swine	swine	Swine
A/swine/Italy/124375/2020	MW244305	H3N2	2020-05-07	Swine	Italy	?	Swine	swine	Swine
A/swine/Italy/56910/2020	MW244308	H3N2	2020-02-14	Swine	Italy	?	Swine	swine	Swine
A/swine/Italy/75697/2020	MW244309	H3N2	2020-03-02	Swine	Italy	?	Swine	swine	Swine
A/SouthKorea/MDCK/2020	OM679367	H3N2	2020-12-14	Human	South korea	?	Human	human	Human
A/swine/Iowa/A02636296/2021	OM504685	H3N2	2021-09-30	Swine	Usa	?	Swine	swine	Swine
A/swine/Missouri/A02636322/2021	OM504687	H3N2	2021-09-27	Swine	Usa	?	Swine	swine	Swine
A/Pennsylvania/01/2021	OM405821	H3N2	2021-03-19	Human	Usa	?	Human	human	Human
A/swine/Minnesota/A02246907/2021	OM315080	H3N2	2021-12-29	Swine	Usa	?	Swine	swine	Swine
A/swine/Michigan/A02246908/2021	OM315100	H3N2	2021-12-30	Swine	Usa	?	Swine	swine	Swine
A/duck/Vietnam/HN6617/2020	MW872800	H3N2	2020-09-29	Avian	Viet nam	?	Duck	duck	Anseriformes
A/duck/Vietnam/HN6479/2020	MW872910	H3N2	2020-07-29	Avian	Viet nam	?	Duck	duck	Anseriformes
A/Muscovyduck/Vietnam/HN6220/2020	MW872988	H3N2	2020-04-03	Avian	Viet nam	?	Duck	duck	Anseriformes
A/duck/Vietnam/HN6425/2020	MW873033	H3N2	2020-07-03	Avian	Viet nam	?	Duck	duck	Anseriformes
A/duck/Vietnam/HN6569/2020	MW873047	H3N2	2020-09-04	Avian	Viet nam	?	Duck	duck	Anseriformes
A/Muscovyduck/Vietnam/QN6305/2020	MW873329	H3N2	2020-05-22	Avian	Viet nam	?	Duck	duck	Anseriformes
A/swine/Chile/VN1401-5054/2020	MZ005227	H3N2	2020-05-11	Swine	Chile	?	Swine	swine	Swine
A/swine/Kansas/A02246982/2021	OL840592	H3N2	2021-10-22	Swine	Usa	?	Swine	swine	Swine
A/swine/Minnesota/A02246983/2021	OL840602	H3N2	2021-10-25	Swine	Usa	?	Swine	swine	Swine
A/France/IHUMI_InfluenzaAH3N2_genome_60678_4/2021	OL423271	H3N2	2021-07-XX	Human	France	?	Human	human	Human
A/swine/Iowa/A02248201/2021	OL331036	H3N2	2021-09-27	Swine	Usa	?	Swine	swine	Swine
A/swine/NorthCarolina/A02636172/2021	OL331224	H3N2	2021-09-16	Swine	Usa	?	Swine	swine	Swine
A/swine/Missouri/A02636185/2021	OL331232	H3N2	2021-09-23	Swine	Usa	?	Swine	swine	Swine
A/swine/Iowa/A02636183/2021	OL331238	H3N2	2021-09-23	Swine	Usa	?	Swine	swine	Swine
A/swine/Spain/44579-1/2020	MW848761	H3N2	2020-05-18	Swine	Spain	?	Swine	swine	Swine
A/swine/Iowa/A02636147/2021	OK625345	H3N2	2021-09-17	Swine	Usa	?	Swine	swine	Swine
A/swine/Missouri/A02636129/2021	OK625361	H3N2	2021-09-08	Swine	Usa	?	Swine	swine	Swine
A/swine/Ohio/A02636113/2021	OK384275	H3N2	2021-09-02	Swine	Usa	?	Swine	swine	Swine
A/Spot-billedduck/SouthKorea/KNU2020-105/2020	OK235631	H3N2	2020-10-12	Avian	South korea	?	Duck	duck	Anseriformes
A/Wildduck/SouthKorea/KNU2020-134/2020	OK253021	H3N2	2020-10-13	Avian	South korea	?	Duck	duck	Anseriformes
A/swine/Missouri/A02636044/2021	OK143164	H3N2	2021-08-11	Swine	Usa	?	Swine	swine	Swine
A/swine/NorthCarolina/A02636058/2021	OK143172	H3N2	2021-08-16	Swine	Usa	?	Swine	swine	Swine
A/swine/Indiana/A02636047/2021	OK143184	H3N2	2021-08-10	Swine	Usa	?	Swine	swine	Swine
A/swine/Nebraska/A02636021/2021	OK064052	H3N2	2021-08-04	Swine	Usa	?	Swine	swine	Swine
A/swine/Nebraska/A02636000/2021	OK047451	H3N2	2021-07-16	Swine	Usa	?	Swine	swine	Swine
A/Thailand/CU-B36461/2020	MW600331	H3N2	2020-02-04	Human	Thailand	?	Human	human	Human
A/swine/Minnesota/A02248041/2021	MZ892396	H3N2	2021-06-15	Swine	Usa	?	Swine	swine	Swine
A/swine/Nebraska/A01378048/2021	MZ750374	H3N2	2021-07-19	Swine	Usa	?	Swine	swine	Swine
A/swine/Iowa/A02635941/2021	MZ663753	H3N2	2021-07-02	Swine	Usa	?	Swine	swine	Swine
A/swine/Nebraska/A02635916/2021	MZ606803	H3N2	2021-06-24	Swine	Usa	?	Swine	swine	Swine
A/swine/NorthCarolina/A02635904/2021	MZ606829	H3N2	2021-06-22	Swine	Usa	?	Swine	swine	Swine
A/swine/Iowa/A02635906/2021	MZ606841	H3N2	2021-06-24	Swine	Usa	?	Swine	swine	Swine
A/swine/Illinois/A02525379/2021	MZ305203	H3N2	2021-04-09	Swine	Usa	?	Swine	swine	Swine
A/swine/Michigan/A02635708/2021	MZ305255	H3N2	2021-04-20	Swine	Usa	?	Swine	swine	Swine
A/swine/Iowa/A02525387/2021	MZ156817	H3N2	2021-03-08	Swine	Usa	?	Swine	swine	Swine
A/swine/Kansas/A02525393/2021	MZ156831	H3N2	2021-04-19	Swine	Usa	?	Swine	swine	Swine
A/California/55/2020	MZ046764	H3N2	2020-10-12	Human	Usa	?	Human	human	Human
A/swine/Iowa/A02525306/2021	MW939641	H3N2	2021-03-26	Swine	Usa	?	Swine	swine	Swine
A/swine/Iowa/A02525261/2021	MW887575	H3N2	2021-03-16	Swine	Usa	?	Swine	swine	Swine
A/Human/NewYorkCity/PV07994/2020	MW855316	H3N2	2020-03-03	Human	Usa	?	Human	human	Human
A/swine/Pennsylvania/A02525244/2021	MW849236	H3N2	2021-03-04	Swine	Usa	?	Swine	swine	Swine
A/swine/Iowa/A02525241/2021	MW849244	H3N2	2021-03-04	Swine	Usa	?	Swine	swine	Swine
A/swine/Iowa/A02525184/2021	MW728987	H3N2	2021-02-15	Swine	Usa	?	Swine	swine	Swine
A/swine/NorthCarolina/A02525158/2021	MW728993	H3N2	2021-02-05	Swine	Usa	?	Swine	swine	Swine
A/swine/Nebraska/A02525176/2021	MW728999	H3N2	2021-02-10	Swine	Usa	?	Swine	swine	Swine
A/swine/Missouri/A02525178/2021	MW729003	H3N2	2021-02-11	Swine	Usa	?	Swine	swine	Swine
A/swine/Iowa/A02525153/2021	MW729015	H3N2	2021-02-09	Swine	Usa	?	Swine	swine	Swine
A/swine/Indiana/A02525139/2021	MW699519	H3N2	2021-02-03	Swine	Usa	?	Swine	swine	Swine
A/swine/NorthCarolina/A02525064/2021	MW576962	H3N2	2021-01-13	Swine	Usa	?	Swine	swine	Swine
A/swine/Kentucky/A02525075/2021	MW576976	H3N2	2021-01-13	Swine	Usa	?	Swine	swine	Swine
A/swine/Minnesota/A02245861/2020	MW580251	H3N2	2020-12-30	Swine	Usa	?	Swine	swine	Swine
A/swine/Indiana/A01812314/2020	MW547432	H3N2	2020-12-14	Swine	Usa	?	Swine	swine	Swine
A/swine/Minnesota/A02525044/2021	MW547024	H3N2	2021-01-04	Swine	Usa	?	Swine	swine	Swine
A/swine/Iowa/A02525036/2020	MW547026	H3N2	2020-12-30	Swine	Usa	?	Swine	swine	Swine
A/swine/Minnesota/A02245828/2020	MW493868	H3N2	2020-12-11	Swine	Usa	?	Swine	swine	Swine
A/swine/NorthCarolina/A02245817/2020	MW430364	H3N2	2020-11-23	Swine	Usa	?	Swine	swine	Swine
A/swine/SouthDakota/A02524914/2020	MW377222	H3N2	2020-11-17	Swine	Usa	?	Swine	swine	Swine
A/swine/Indiana/29545/2020	MW361499	H3N2	2020-04-13	Swine	Usa	?	Swine	swine	Swine
A/swine/Indiana/31877/2020	MW361501	H3N2	2020-04-21	Swine	Usa	?	Swine	swine	Swine
A/swine/Iowa/A02524874/2020	MW338874	H3N2	2020-11-05	Swine	Usa	?	Swine	swine	Swine
A/swine/Iowa/A02524878/2020	MW338902	H3N2	2020-11-09	Swine	Usa	?	Swine	swine	Swine
A/swine/Iowa/A02524889/2020	MW338912	H3N2	2020-11-10	Swine	Usa	?	Swine	swine	Swine
A/swine/Minnesota/A02245763/2020	MW317208	H3N2	2020-10-23	Swine	Usa	?	Swine	swine	Swine
A/swine/Minnesota/A02245776/2020	MW317218	H3N2	2020-11-02	Swine	Usa	?	Swine	swine	Swine
A/swine/Nebraska/A02524799/2020	MW320439	H3N2	2020-10-27	Swine	Usa	?	Swine	swine	Swine
A/swine/Iowa/A02524819/2020	MW290379	H3N2	2020-10-29	Swine	Usa	?	Swine	swine	Swine
A/swine/Pennsylvania/A02524832/2020	MW290381	H3N2	2020-10-29	Swine	Usa	?	Swine	swine	Swine
A/swine/Iowa/A02524755/2020	MW266885	H3N2	2020-10-15	Swine	Usa	?	Swine	swine	Swine
A/swine/Nebraska/A02524769/2020	MW266899	H3N2	2020-10-22	Swine	Usa	?	Swine	swine	Swine
A/swine/Oklahoma/A02245759/2020	MW240517	H3N2	2020-10-23	Swine	Usa	?	Swine	swine	Swine
A/swine/Indiana/A02524710/2020	MW204487	H3N2	2020-10-07	Swine	Usa	?	Swine	swine	Swine
A/swine/Kansas/A02245740/2020	MW205515	H3N2	2020-10-09	Swine	Usa	?	Swine	swine	Swine
A/swine/Minnesota/A02245736/2020	MW205519	H3N2	2020-10-08	Swine	Usa	?	Swine	swine	Swine
A/swine/NorthCarolina/A02245746/2020	MW205533	H3N2	2020-10-14	Swine	Usa	?	Swine	swine	Swine
A/swine/Oklahoma/A02245730/2020	MW181612	H3N2	2020-10-01	Swine	Usa	?	Swine	swine	Swine
A/swine/Missouri/A02524672/2020	MW173178	H3N2	2020-09-24	Swine	Usa	?	Swine	swine	Swine
A/swine/Iowa/A02524685/2020	MW173196	H3N2	2020-10-01	Swine	Usa	?	Swine	swine	Swine
A/swine/Iowa/A02524613/2020	MW072889	H3N2	2020-09-10	Swine	Usa	?	Swine	swine	Swine
A/Hawaii/28/2020_H3N2v	MW024906	H3N2v	2020-07-01	Human	Usa	?	Human	human	Human
A/swine/Minnesota/A02245699/2020	MW022524	H3N2	2020-08-26	Swine	Usa	?	Swine	swine	Swine
A/swine/Nebraska/A02524569/2020	MW023631	H3N2	2020-08-26	Swine	Usa	?	Swine	swine	Swine
A/swine/Iowa/A02524572/2020	MW023637	H3N2	2020-08-26	Swine	Usa	?	Swine	swine	Swine
A/swine/Minnesota/A02245690/2020	MT952458	H3N2	2020-08-17	Swine	Usa	?	Swine	swine	Swine
A/swine/Michigan/A02524482/2020	MT814317	H3N2	2020-07-09	Swine	Usa	?	Swine	swine	Swine
A/Minnesota/23/2020	MT808150	H3N2	2020-03-20	Human	Usa	?	Human	human	Human
A/Louisiana/14/2020	MT659264	H3N2	2020-02-04	Human	Usa	?	Human	human	Human
A/Montana/07/2020	MT622937	H3N2	2020-01-15	Human	Usa	?	Human	human	Human
A/California/16/2020	MT622945	H3N2	2020-01-21	Human	Usa	?	Human	human	Human
A/swine/Iowa/A02479355/2020	MT596908	H3N2	2020-05-18	Swine	Usa	?	Swine	swine	Swine
A/Minnesota/21/2020	MT582266	H3N2	2020-03-07	Human	Usa	?	Human	human	Human
A/swine/Minnesota/A02245641/2020	MT579642	H3N2	2020-05-11	Swine	Usa	?	Swine	swine	Swine
A/swine/Minnesota/A02245638/2020	MT579648	H3N2	2020-05-06	Swine	Usa	?	Swine	swine	Swine
A/swine/Indiana/A02479308/2020	MT554117	H3N2	2020-05-04	Swine	Usa	?	Swine	swine	Swine
A/swine/Indiana/A01812305/2020	MT522621	H3N2	2020-04-24	Swine	Usa	?	Swine	swine	Swine
A/swine/Utah/A02479278/2020	MT505274	H3N2	2020-04-21	Swine	Usa	?	Swine	swine	Swine
A/swine/Minnesota/A02479268/2020	MT476193	H3N2	2020-04-23	Swine	Usa	?	Swine	swine	Swine
A/swine/Missouri/A02479196/2020	MT385387	H3N2	2020-04-02	Swine	Usa	?	Swine	swine	Swine
A/swine/Minnesota/A02245583/2020	MT372542	H3N2	2020-04-07	Swine	Usa	?	Swine	swine	Swine
A/Connecticut/13/2020	MT342042	H3N2	2020-02-19	Human	Usa	?	Human	human	Human
A/swine/Iowa/A02479137/2020	MT319769	H3N2	2020-03-18	Swine	Usa	?	Swine	swine	Swine
A/swine/Iowa/A02479159/2020	MT319777	H3N2	2020-03-23	Swine	Usa	?	Swine	swine	Swine
A/swine/Texas/A02245516/2020	MT318329	H3N2	2020-02-27	Swine	Usa	?	Swine	swine	Swine
A/swine/Oklahoma/A02479121/2020	MT277370	H3N2	2020-03-06	Swine	Usa	?	Swine	swine	Swine
A/California/07/2020	MT245310	H3N2	2020-01-06	Human	Usa	?	Human	human	Human
A/NorthCarolina/02/2020	MT245946	H3N2	2020-01-15	Human	Usa	?	Human	human	Human
A/swine/Iowa/A02479069/2020	MT232768	H3N2	2020-02-17	Swine	Usa	?	Swine	swine	Swine
A/swine/Illinois/A02479065/2020	MT232778	H3N2	2020-02-12	Swine	Usa	?	Swine	swine	Swine
A/swine/Minnesota/A02245422/2020	MT232801	H3N2	2020-02-24	Swine	Usa	?	Swine	swine	Swine
A/swine/NorthCarolina/A02245413/2020	MT154185	H3N2	2020-02-06	Swine	Usa	?	Swine	swine	Swine
A/swine/NorthCarolina/A02479041/2020	MT121015	H3N2	2020-02-06	Swine	Usa	?	Swine	swine	Swine
A/swine/Iowa/A02479053/2020	MT121017	H3N2	2020-02-07	Swine	Usa	?	Swine	swine	Swine
A/swine/NorthCarolina/A02245396/2020	MT052154	H3N2	2020-01-21	Swine	Usa	?	Swine	swine	Swine
A/swine/Kansas/A02245376/2020	MT020046	H3N2	2020-01-07	Swine	Usa	?	Swine	swine	Swine
A/layer/China/GT2125/2023	PP077078	H3N3	2023-05-11	Avian	China	?	Chicken	chicken	Galliformes
A/chicken/China/16/2023	OR497662	H3N3	2023-04-XX	Avian	China	?	Chicken	chicken	Galliformes
A/environment/Japan/KU-B11/2020	OR048389	H3N6	2020-11-30	Enviroment	Japan	?	Enviroment	enviroment	Enviroment
A/Duck/Mongolia/2021-MG09/2021	OP704037	H3N6	2021-08-XX	Avian	Mongolia	?	Duck	duck	Anseriformes
A/Common_Teal/Kyoto/NIES187/2021	LC723841	H3N6	2021-XX-XX	Avian	Japan	?	?	?	?
A/mallard/NewYork/AH0179427/2021	OL539615	H3N6	2021-09-08	Avian	Usa	?	Duck	duck	Anseriformes
A/chicken/Jiangsu/CKJS03/2022	OP024217	H3N8	2022-05-XX	Avian	China	?	Chicken	chicken	Galliformes
A/Donkey/Nigeria/249/2022	OR775767	H3N8	2022-01-XX	Horse	Nigeria	?	Horse	horse	Horse
A/Duck/Doitlake/38/2022	OR668538	H3N8	2022-05-01	Avian	Mongolia	?	Duck	duck	Anseriformes
A/chicken/Dongguan/14/2022	OQ291629	H3N8	2022-02-22	Avian	China	?	Chicken	chicken	Galliformes
A/chicken/Dongguan/40/2022	OQ291709	H3N8	2022-02-22	Avian	China	?	Chicken	chicken	Galliformes
A/chicken/Dongguan/584/2022	OQ291805	H3N8	2022-03-22	Avian	China	?	Chicken	chicken	Galliformes
A/chicken/Dongguan/876/2022	OQ291853	H3N8	2022-04-19	Avian	China	?	Chicken	chicken	Galliformes
A/chicken/Huizhou/209/2022	OQ292037	H3N8	2022-02-16	Avian	China	?	Chicken	chicken	Galliformes
A/chicken/Shantou/1/2022	OQ292709	H3N8	2022-01-06	Avian	China	?	Chicken	chicken	Galliformes
A/chicken/Shantou/5632/2021	OQ293037	H3N8	2021-10-21	Avian	China	?	Chicken	chicken	Galliformes
A/chicken/Shantou/6103/2021	OQ293085	H3N8	2021-11-17	Avian	China	?	Chicken	chicken	Galliformes
A/duck/Guangxi/3846/2020	OQ293413	H3N8	2020-12-01	Avian	China	?	Duck	duck	Anseriformes
A/equine/California/3/2020	OQ426540	H3N8	2020-10-26	Horse	Usa	?	Horse	horse	Horse
A/Environment/Alberta/171/2022	OQ413795	H3N8	2022-08-21	Enviroment	Canada	?	Enviroment	enviroment	Enviroment
A/Mallard/Alberta/56/2022	OQ362171	H3N8	2022-08-20	Avian	Canada	?	Duck	duck	Anseriformes
A/equine/Kazakhstan/Almaty/268/2022	OQ244418	H3N8	2020-06-XX	Horse	Kazakhstan	?	Horse	horse	Horse
A/Mallard/Alberta/362/2022	OP806406	H3N8	2022-08-22	Avian	Canada	?	Duck	duck	Anseriformes
A/Mallard/Alberta/500/2021	OP723704	H3N8	2021-08-26	Avian	Canada	?	Duck	duck	Anseriformes
A/Duck/Mongolia/2021-MG11/2021	OP704097	H3N8	2021-08-XX	Avian	Mongolia	?	Duck	duck	Anseriformes
A/Duck/Mongolia/2021-MG04/2021	OP658931	H3N8	2021-05-01	Avian	Mongolia	?	Duck	duck	Anseriformes
A/China/ZMD-22-2/2022	ON342803	H3N8	2022-04-XX	Human	China	?	Human	human	Human
A/Anserfabalis/China/D338/2020	OP341272	H3N8	2020-10-XX	?	China	?	?	?	?
A/duck/Chernogolovka/5908/2021	OP135951	H3N8	2021-11-07	Avian	Russia	?	Duck	duck	Anseriformes
A/China/CSKFQ-22-5/2022	ON627818	H3N8	2022-05-XX	Human	China	?	Human	human	Human
A/MongolianHorse/China/Jilin1021/2021	ON652015	H3N8	2021-10-10	Horse	China	?	Horse	horse	Horse
A/green-wingedteal/Alaska/AK20-372/2020	MW873630	H3N8	2020-09-24	?	Usa	?	?	?	?
A/green-wingedteal/Alaska/AK20-528/2020	MW873654	H3N8	2020-10-22	?	Usa	?	?	?	?
A/northernpintail/Alaska/AK20-434/2020	MW873800	H3N8	2020-10-06	?	Usa	?	?	?	?
A/northernpintail/Alaska/AK20-463/2020	MW873808	H3N8	2020-10-09	?	Usa	?	?	?	?
A/Mallard/SouthKorea/KNU2021-17/2021	ON495688	H3N8	2021-02-15	Avian	South korea	?	Duck	duck	Anseriformes
A/RuddyTurnstone/Delaware/448/2021	OM966187	H3N8	2021-06-01	?	Usa	?	?	?	?
A/mallard/Alaska/AH0185243/2021	OL467052	H3N8	2021-08-19	Avian	Usa	?	Duck	duck	Anseriformes
A/cinnamonteal/Utah/AH0166335/2021	OL423679	H3N8	2021-08-06	Avian	Usa	?	?	?	?
A/Wildduck/SouthKorea/KNU2020-104/2020	OK236003	H3N8	2020-10-07	Avian	South korea	?	Duck	duck	Anseriformes
A/Blue-WingedTeal/Alberta/1/2020	MZ171341	H3N8	2020-09-02	?	Canada	?	?	?	
